,bookId,memberId,borrowedDate,returnedDate,dueDate,copies,extendedCount
0,331,75,2022-03-09,2022-04-02,2022-04-20,3,2
1,954,96,2020-03-11,,2020-03-25,2,0
2,666,15,2022-07-09,2022-07-25,2022-08-20,3,2
3,684,26,2025-03-14,2025-03-21,2025-03-28,3,0
4,233,64,2025-02-02,2025-02-14,2025-03-16,1,2
5,142,61,2022-01-17,,2022-02-14,3,1
6,652,40,2021-11-22,2021-12-15,2022-01-03,2,2
7,987,72,2022-04-23,2022-05-14,2022-05-07,1,0
8,598,48,2024-08-04,2024-08-19,2024-09-15,3,2
9,602,38,2022-09-28,2022-10-07,2022-10-12,3,0
10,43,65,2022-11-06,2022-11-30,2022-12-04,3,1
11,316,71,2022-07-04,2022-07-14,2022-08-01,1,1
12,617,30,2024-01-27,2024-02-10,2024-02-10,3,0
13,668,95,2022-06-25,2022-06-26,2022-08-06,2,2
14,673,16,2025-02-20,2025-03-07,2025-03-06,3,0
15,1056,91,2023-01-05,2023-01-11,2023-01-19,3,0
16,644,31,2020-11-03,2020-11-11,2020-12-01,3,1
17,545,46,2024-02-13,2024-04-03,2024-03-26,3,2
18,1016,91,2022-06-29,,2022-07-13,3,0
19,952,12,2022-04-17,2022-06-05,2022-05-29,3,2
20,457,52,2024-04-03,2024-05-05,2024-05-01,2,1
21,722,70,2022-02-16,2022-03-20,2022-03-30,3,2
22,291,26,2023-07-10,2023-07-11,2023-08-07,2,1
23,1029,46,2023-09-13,,2023-10-25,2,2
24,584,82,2025-04-07,2025-05-07,2025-05-05,3,1
25,231,86,2024-09-15,2024-10-01,2024-09-29,1,0
26,154,25,2023-06-14,,2023-06-28,3,0
27,909,52,2024-05-30,2024-06-07,2024-06-13,3,0
28,278,42,2023-06-30,2023-08-05,2023-08-11,3,2
29,902,90,2023-03-06,2023-03-23,2023-03-20,2,0
30,323,53,2020-11-07,2020-11-22,2020-12-19,2,2
31,680,71,2025-03-11,2025-04-04,2025-03-25,3,0
32,1042,46,2025-08-02,2025-08-25,2025-08-16,1,0
33,308,76,2024-12-19,,2025-01-30,3,2
34,953,59,2025-07-27,,2025-08-10,1,0
35,908,31,2020-07-27,,2020-09-07,2,2
36,876,28,2021-11-23,2021-12-31,2021-12-21,1,1
37,437,99,2020-11-14,,2020-12-12,1,1
38,856,21,2024-04-03,2024-04-12,2024-05-01,3,1
39,652,32,2020-02-13,2020-02-21,2020-03-12,2,1
40,21,99,2020-08-09,2020-08-14,2020-08-23,1,0
41,137,8,2025-08-04,,2025-08-18,1,0
42,309,5,2023-01-11,2023-01-21,2023-02-08,3,1
43,934,12,2023-01-02,2023-01-27,2023-01-30,2,1
44,982,4,2025-05-24,2025-06-17,2025-06-21,2,1
45,100,41,2024-03-06,,2024-04-17,3,2
46,418,65,2022-10-29,,2022-11-12,2,0
47,891,79,2023-11-23,2023-12-31,2023-12-21,1,1
48,499,9,2023-09-02,2023-09-05,2023-09-16,1,0
49,970,95,2023-01-19,,2023-03-02,1,2
50,473,12,2024-04-18,,2024-05-02,2,0
51,1040,57,2024-10-27,2024-11-29,2024-11-24,2,1
52,178,48,2025-04-07,2025-04-21,2025-04-21,3,0
53,441,77,2022-04-14,,2022-05-12,1,1
54,351,54,2023-12-18,2023-12-29,2024-01-01,3,0
55,623,8,2025-06-16,2025-06-21,2025-07-28,1,2
56,982,82,2023-08-24,2023-09-14,2023-10-05,2,2
57,680,64,2024-12-02,2024-12-04,2025-01-13,2,2
58,851,6,2022-07-03,2022-08-11,2022-08-14,2,2
59,284,3,2025-05-08,2025-05-10,2025-05-22,3,0
60,55,77,2022-11-26,2022-12-26,2022-12-24,2,1
61,999,35,2020-10-12,,2020-11-23,1,2
62,549,90,2022-07-26,2022-08-14,2022-08-09,1,0
63,968,16,2024-11-23,2024-12-22,2024-12-21,1,1
64,498,76,2025-08-23,2025-09-06,2025-09-20,2,1
65,370,82,2023-11-30,2024-01-07,2023-12-28,1,1
66,493,61,2021-07-23,2021-09-12,2021-09-03,3,2
67,247,20,2024-12-27,2025-01-08,2025-01-10,3,0
68,1034,45,2023-09-23,2023-11-03,2023-11-04,3,2
69,964,73,2020-06-26,2020-06-30,2020-07-24,3,1
70,941,99,2019-12-05,2019-12-30,2020-01-02,1,1
71,927,4,2025-05-01,2025-05-16,2025-05-15,1,0
72,542,2,2021-02-18,2021-03-28,2021-04-01,2,2
73,300,19,2022-05-11,2022-05-19,2022-06-08,2,1
74,574,42,2024-01-27,,2024-02-24,3,1
75,662,26,2025-02-02,2025-02-09,2025-03-02,2,1
76,639,91,2022-12-19,2023-01-03,2023-01-02,3,0
77,168,78,2024-05-04,2024-05-29,2024-06-01,2,1
78,981,72,2022-11-02,2022-11-30,2022-11-30,1,1
79,1070,62,2022-01-05,2022-01-13,2022-02-02,2,1
80,1069,90,2021-04-19,,2021-05-31,3,2
81,416,75,2022-12-25,2022-12-28,2023-01-08,1,0
82,890,93,2025-03-18,2025-03-21,2025-04-15,1,1
83,359,95,2021-09-25,,2021-10-23,3,1
84,477,28,2021-01-27,2021-02-10,2021-03-10,1,2
85,1059,66,2020-08-14,2020-09-04,2020-08-28,2,0
86,559,83,2025-09-02,,2025-09-16,1,0
87,544,87,2020-02-24,2020-03-29,2020-03-23,3,1
88,670,79,2023-10-03,2023-10-13,2023-10-17,1,0
89,479,79,2024-01-17,2024-02-07,2024-01-31,3,0
90,1057,13,2025-03-10,,2025-03-24,2,0
91,629,59,2025-06-22,2025-07-15,2025-07-06,2,0
92,1033,5,2023-10-09,2023-11-07,2023-11-06,1,1
93,386,76,2025-02-20,2025-02-28,2025-03-06,1,0
94,483,36,2024-08-27,2024-09-21,2024-10-08,3,2
95,1065,65,2021-12-23,2022-02-09,2022-02-03,1,2
96,519,5,2023-09-23,2023-09-25,2023-11-04,1,2
97,305,22,2019-07-24,,2019-08-07,2,0
98,334,74,2025-02-23,2025-03-10,2025-04-06,1,2
99,615,11,2022-03-08,2022-03-12,2022-04-05,1,1
100,166,63,2021-01-12,2021-02-26,2021-02-23,2,2
101,671,87,2022-04-15,2022-04-26,2022-05-13,1,1
102,940,27,2023-01-14,2023-01-20,2023-02-11,2,1
103,282,49,2024-09-11,2024-09-21,2024-09-25,3,0
104,171,62,2023-05-07,,2023-06-18,1,2
105,688,46,2024-09-18,2024-10-17,2024-10-30,3,2
106,972,9,2023-11-14,,2023-11-28,2,0
107,512,46,2023-11-20,,2023-12-18,2,1
108,159,14,2024-09-22,2024-10-19,2024-10-20,3,1
109,590,3,2024-09-02,,2024-09-16,2,0
110,1027,66,2021-04-14,2021-05-15,2021-05-12,3,1
111,301,41,2024-05-09,2024-05-23,2024-06-20,2,2
112,169,88,2023-12-07,2024-01-12,2024-01-04,1,1
113,280,11,2021-07-01,,2021-07-29,3,1
114,13,16,2025-04-03,2025-04-08,2025-04-17,3,0
115,161,6,2022-07-27,2022-09-06,2022-09-07,2,2
116,964,9,2023-08-03,,2023-08-17,1,0
117,1032,93,2025-08-16,,2025-08-30,1,0
118,925,39,2025-05-13,2025-06-02,2025-05-27,1,0
119,189,49,2025-01-08,2025-01-26,2025-02-19,2,2
120,1050,43,2023-12-24,2024-01-15,2024-01-21,2,1
121,390,55,2022-03-10,2022-03-27,2022-04-07,2,1
122,665,77,2022-12-06,,2023-01-17,3,2
123,321,45,2023-12-22,,2024-01-19,3,1
124,609,6,2024-02-25,,2024-03-10,2,0
125,1043,65,2023-04-07,2023-05-04,2023-05-05,3,1
126,1031,73,2023-11-17,2023-12-23,2023-12-15,3,1
127,528,7,2020-02-21,,2020-03-20,3,1
128,377,97,2021-12-04,2022-01-04,2022-01-15,1,2
129,70,67,2020-02-02,2020-02-05,2020-03-01,3,1
130,628,62,2021-03-07,2021-04-08,2021-04-04,2,1
131,542,41,2020-03-30,2020-05-03,2020-05-11,2,2
132,237,74,2022-07-13,,2022-07-27,3,0
133,1043,13,2023-06-01,2023-06-27,2023-07-13,1,2
134,428,65,2023-01-12,2023-01-22,2023-01-26,1,0
135,637,51,2022-04-16,2022-05-05,2022-04-30,3,0
136,412,48,2024-06-28,2024-08-11,2024-08-09,3,2
137,352,24,2025-05-12,,2025-06-23,3,2
138,1067,80,2025-08-03,,2025-09-14,1,2
139,313,60,2021-08-26,2021-09-04,2021-09-09,1,0
140,292,100,2025-06-04,,2025-07-16,2,2
141,510,23,2024-11-29,2025-01-03,2025-01-10,2,2
142,996,88,2023-11-22,2023-12-02,2023-12-06,1,0
143,110,15,2024-10-31,,2024-11-14,1,0
144,1019,31,2020-08-28,2020-09-03,2020-10-09,2,2
145,558,86,2024-12-27,2025-01-09,2025-01-10,1,0
146,97,61,2021-08-21,2021-09-27,2021-10-02,2,2
147,32,86,2022-01-29,2022-02-02,2022-02-12,1,0
148,685,84,2023-01-09,2023-02-05,2023-02-20,3,2
149,840,61,2022-09-16,,2022-10-14,3,1
150,904,80,2025-07-31,2025-08-11,2025-09-11,3,2
151,297,62,2022-01-22,,2022-02-05,2,0
152,385,81,2024-08-10,2024-08-13,2024-09-21,3,2
153,70,25,2023-04-07,2023-05-15,2023-05-05,1,1
154,332,84,2022-03-26,2022-04-14,2022-04-09,2,0
155,143,16,2025-03-24,2025-03-28,2025-05-05,3,2
156,451,99,2021-07-04,2021-07-19,2021-07-18,1,0
157,692,86,2023-04-23,2023-05-25,2023-06-04,3,2
158,879,39,2025-05-05,,2025-06-02,1,1
159,323,1,2024-09-20,2024-10-01,2024-10-18,1,1
160,19,92,2024-10-07,2024-10-14,2024-11-18,3,2
161,146,26,2025-09-01,,2025-10-13,2,2
162,506,12,2023-06-15,,2023-07-13,3,1
163,246,40,2022-02-18,2022-03-03,2022-03-18,2,1
164,589,53,2021-11-06,2021-11-16,2021-12-18,1,2
165,1025,14,2024-07-08,2024-07-30,2024-07-22,1,0
166,124,65,2021-11-28,,2021-12-12,1,0
167,488,77,2020-07-13,2020-08-15,2020-08-10,1,1
168,164,16,2025-04-29,,2025-05-27,1,1
169,897,35,2021-08-28,,2021-09-25,3,1
170,397,26,2025-03-31,2025-04-19,2025-04-14,2,0
171,1006,47,2021-04-25,2021-05-15,2021-05-09,3,0
172,336,70,2022-08-29,,2022-09-12,2,0
173,27,8,2025-05-23,2025-06-20,2025-06-20,1,1
174,518,49,2024-08-01,2024-09-11,2024-09-12,3,2
175,522,94,2023-11-15,2023-12-01,2023-11-29,1,0
176,1068,40,2022-02-17,2022-03-03,2022-03-03,3,0
177,232,4,2025-06-12,2025-06-18,2025-06-26,3,0
178,1053,9,2023-07-27,,2023-09-07,3,2
179,706,11,2021-07-22,2021-08-17,2021-09-02,2,2
180,930,52,2023-07-21,2023-08-14,2023-08-04,1,0
181,648,71,2021-07-19,,2021-08-30,2,2
182,250,82,2024-07-11,2024-07-20,2024-07-25,1,0
183,64,31,2021-02-07,2021-03-10,2021-03-07,3,1
184,29,46,2024-10-22,2024-12-04,2024-12-03,1,2
185,743,50,2021-10-30,2021-11-19,2021-12-11,1,2
186,115,68,2025-01-22,2025-02-08,2025-02-19,2,1
187,83,69,2023-10-16,,2023-10-30,1,0
188,459,92,2025-02-09,2025-02-19,2025-03-09,3,1
189,329,73,2021-01-31,,2021-02-14,1,0
190,728,36,2023-10-27,2023-10-30,2023-11-10,1,0
191,937,43,2022-11-23,2022-12-30,2023-01-04,2,2
192,196,80,2025-07-31,2025-08-01,2025-08-28,1,1
193,1012,90,2025-04-29,,2025-05-27,2,1
194,137,85,2023-04-16,2023-05-17,2023-05-14,2,1
195,143,47,2020-12-16,2021-01-11,2021-01-13,3,1
196,595,50,2022-04-02,2022-04-03,2022-05-14,3,2
197,509,51,2024-02-02,2024-02-21,2024-03-15,2,2
198,331,34,2025-02-19,2025-03-05,2025-03-19,1,1
199,843,64,2024-10-25,2024-12-05,2024-12-06,2,2
200,220,99,2021-10-01,2021-10-04,2021-10-29,2,1
201,1047,16,2025-03-08,2025-03-16,2025-04-05,2,1
202,975,41,2021-02-28,2021-03-21,2021-03-28,2,1
203,501,41,2020-05-01,2020-05-23,2020-06-12,1,2
204,422,22,2021-04-19,2021-04-20,2021-05-03,2,0
205,407,41,2023-05-11,,2023-05-25,2,0
206,723,15,2023-12-20,2024-01-09,2024-01-03,1,0
207,867,66,2022-04-07,,2022-04-21,1,0
208,282,71,2024-04-14,,2024-04-28,3,0
209,411,70,2021-10-29,2021-11-05,2021-12-10,3,2
210,12,41,2021-08-31,2021-10-05,2021-10-12,3,2
211,1043,28,2023-10-03,2023-10-23,2023-10-31,1,1
212,1041,92,2024-09-18,2024-10-02,2024-10-30,1,2
213,714,4,2025-04-02,2025-05-02,2025-04-30,2,1
214,882,2,2021-06-09,2021-06-18,2021-07-21,1,2
215,153,89,2025-06-08,2025-07-05,2025-07-20,3,2
216,995,68,2025-03-23,2025-04-01,2025-05-04,2,2
217,943,71,2022-11-21,2022-12-16,2023-01-02,3,2
218,634,83,2025-07-29,2025-08-10,2025-08-12,1,0
219,503,35,2020-11-20,,2020-12-04,1,0
220,491,97,2021-10-25,2021-11-07,2021-12-06,1,2
221,1055,69,2023-12-04,2023-12-16,2023-12-18,1,0
222,326,31,2021-09-16,2021-09-24,2021-10-14,3,1
223,420,20,2025-08-24,2025-08-29,2025-10-05,1,2
224,957,4,2024-12-17,2024-12-24,2025-01-28,2,2
225,993,81,2024-06-23,2024-08-09,2024-08-04,3,2
226,1055,74,2024-05-25,2024-06-25,2024-06-22,3,1
227,950,14,2023-06-07,2023-07-07,2023-07-05,2,1
228,492,96,2021-02-02,2021-03-04,2021-03-16,3,2
229,112,85,2023-04-24,2023-05-29,2023-05-22,3,1
230,1016,89,2025-04-21,,2025-05-19,1,1
231,649,65,2022-03-06,2022-03-15,2022-04-03,1,1
232,755,92,2024-09-21,2024-11-11,2024-11-02,1,2
233,95,2,2021-04-06,2021-04-30,2021-05-18,1,2
234,645,4,2025-04-12,,2025-05-24,3,2
235,885,18,2023-08-06,,2023-08-20,1,0
236,235,24,2025-07-07,2025-07-20,2025-08-18,1,2
237,977,26,2025-09-22,,2025-11-03,2,2
238,934,27,2019-11-04,,2019-12-02,1,1
239,936,38,2022-12-16,2022-12-25,2022-12-30,3,0
240,917,80,2025-08-20,2025-08-23,2025-09-17,1,1
241,1017,73,2024-08-14,2024-08-29,2024-09-11,2,1
242,1008,36,2023-06-02,2023-06-06,2023-06-30,1,1
243,242,50,2021-08-20,2021-08-26,2021-09-03,1,0
244,597,4,2025-05-06,,2025-06-03,2,1
245,656,74,2022-10-20,2022-10-27,2022-11-17,2,1
246,336,89,2025-09-04,,2025-10-16,3,2
247,713,80,2025-07-13,2025-08-18,2025-08-10,1,1
248,228,90,2022-12-22,2023-01-18,2023-02-02,2,2
249,543,33,2023-03-12,2023-03-27,2023-04-09,1,1
250,403,32,2021-06-07,2021-06-25,2021-06-21,2,0
251,115,91,2023-06-24,2023-06-27,2023-07-22,3,1
252,946,22,2021-01-17,2021-01-20,2021-02-28,1,2
253,204,14,2023-06-13,2023-06-25,2023-07-25,1,2
254,556,29,2023-03-27,2023-05-14,2023-05-08,1,2
255,630,13,2023-02-07,2023-02-09,2023-03-07,1,1
256,223,18,2023-02-21,2023-03-13,2023-03-21,1,1
257,308,46,2024-02-16,2024-02-24,2024-03-15,2,1
258,146,94,2024-10-16,2024-11-22,2024-11-13,3,1
259,490,65,2021-12-27,2022-01-03,2022-01-10,2,0
260,74,78,2025-03-21,,2025-04-18,3,1
261,681,74,2023-10-28,,2023-11-11,3,0
262,1015,40,2022-04-09,2022-04-17,2022-04-23,3,0
263,598,17,2024-06-07,2024-06-30,2024-06-21,2,0
264,695,22,2021-08-01,2021-08-02,2021-08-15,3,0
265,102,19,2021-05-30,2021-07-14,2021-07-11,1,2
266,651,61,2021-10-21,,2021-11-18,3,1
267,163,64,2025-02-09,2025-02-25,2025-03-23,1,2
268,319,93,2025-02-16,2025-04-03,2025-03-30,1,2
269,457,97,2021-10-28,2021-11-07,2021-12-09,2,2
270,140,73,2025-03-02,2025-03-04,2025-04-13,1,2
271,739,17,2024-01-15,,2024-02-12,2,1
272,1014,1,2024-09-04,2024-10-22,2024-10-16,2,2
273,103,61,2022-07-29,,2022-08-26,1,1
274,295,64,2025-01-14,2025-02-03,2025-02-25,3,2
275,863,46,2025-04-11,,2025-05-09,2,1
276,863,57,2025-08-08,,2025-08-22,1,0
277,171,26,2024-06-10,2024-07-16,2024-07-08,2,1
278,240,89,2025-04-08,2025-05-20,2025-05-20,1,2
279,115,77,2021-04-21,,2021-05-05,1,0
280,1052,58,2025-09-14,,2025-09-28,1,0
281,124,84,2021-10-26,,2021-12-07,1,2
282,533,6,2024-04-09,2024-05-09,2024-05-21,1,2
283,961,49,2023-12-23,2023-12-29,2024-01-06,3,0
284,1048,57,2024-09-18,2024-10-28,2024-10-30,3,2
285,562,87,2020-05-02,2020-06-07,2020-06-13,3,2
286,1012,91,2022-06-29,,2022-07-13,2,0
287,883,66,2019-09-18,2019-10-08,2019-10-16,1,1
288,426,69,2024-05-07,2024-06-21,2024-06-18,2,2
289,8,76,2025-03-08,,2025-03-22,2,0
290,1000,5,2023-07-14,2023-08-21,2023-08-25,3,2
291,120,15,2025-04-04,,2025-05-16,3,2
292,551,48,2025-08-29,,2025-09-26,1,1
293,549,100,2025-09-04,2025-09-06,2025-10-16,1,2
294,977,4,2025-08-03,2025-08-21,2025-08-17,3,0
295,839,3,2024-08-11,2024-08-26,2024-08-25,3,0
296,1058,53,2021-06-08,2021-07-15,2021-07-06,2,1
297,557,87,2021-01-21,2021-02-15,2021-03-04,1,2
298,717,30,2024-01-16,2024-03-03,2024-02-27,2,2
299,223,44,2025-05-19,2025-05-30,2025-06-02,3,0
300,921,17,2023-07-03,2023-07-15,2023-08-14,2,2
301,288,54,2023-10-08,,2023-10-22,1,0
302,154,79,2023-06-29,2023-07-15,2023-08-10,2,2
303,955,26,2024-09-20,2024-10-09,2024-11-01,2,2
304,730,31,2019-08-29,2019-10-01,2019-09-26,2,1
305,763,34,2024-12-22,2024-12-31,2025-01-05,2,0
306,147,92,2025-01-28,2025-02-17,2025-02-11,3,0
307,573,54,2023-09-01,,2023-10-13,3,2
308,967,67,2020-10-11,2020-10-27,2020-10-25,1,0
309,84,67,2019-08-11,2019-09-01,2019-08-25,1,0
310,1048,45,2023-07-13,2023-08-23,2023-08-24,3,2
311,861,3,2024-04-23,,2024-05-07,1,0
312,438,13,2024-08-27,2024-09-02,2024-09-10,3,0
313,677,89,2025-04-03,2025-05-02,2025-05-15,1,2
314,929,80,2025-09-04,2025-09-18,2025-10-16,3,2
315,380,31,2019-05-14,2019-06-25,2019-06-25,1,2
316,650,30,2023-11-05,2023-11-15,2023-11-19,2,0
317,940,20,2025-02-18,,2025-04-01,1,2
318,736,96,2021-02-01,,2021-03-15,1,2
319,750,46,2024-07-13,2024-08-31,2024-08-24,2,2
320,233,82,2022-03-10,2022-03-18,2022-03-24,3,0
321,632,49,2024-03-29,2024-04-30,2024-04-26,2,1
322,259,8,2025-03-28,2025-04-15,2025-04-11,2,0
323,17,80,2025-08-15,2025-09-06,2025-09-12,1,1
324,324,71,2024-12-17,2025-01-14,2025-01-14,2,1
325,489,46,2025-02-15,,2025-03-15,2,1
326,933,28,2023-01-18,,2023-02-15,2,1
327,196,19,2022-01-03,2022-01-12,2022-01-17,1,0
328,731,50,2022-05-13,,2022-06-10,2,1
329,652,8,2025-03-29,2025-05-17,2025-05-10,3,2
330,998,49,2024-09-11,2024-10-19,2024-10-23,1,2
331,484,5,2022-02-03,2022-02-06,2022-03-03,1,1
332,273,65,2022-10-14,2022-11-01,2022-11-25,3,2
333,1017,51,2019-10-04,2019-10-23,2019-11-15,3,2
334,711,98,2024-12-07,2024-12-22,2025-01-04,3,1
335,875,13,2024-08-16,2024-08-24,2024-09-13,2,1
336,309,70,2021-07-07,2021-07-26,2021-07-21,3,0
337,944,51,2021-07-15,2021-08-02,2021-07-29,3,0
338,30,27,2019-05-04,2019-05-17,2019-05-18,3,0
339,1019,47,2022-04-03,2022-05-09,2022-05-01,3,1
340,93,50,2024-08-07,2024-08-22,2024-09-18,1,2
341,996,53,2022-11-01,2022-11-11,2022-11-15,1,0
342,197,80,2025-09-09,2025-09-12,2025-09-23,2,0
343,634,44,2025-03-01,2025-04-20,2025-04-12,2,2
344,100,91,2023-02-22,2023-03-08,2023-03-22,1,1
345,956,41,2024-11-14,2024-11-24,2024-11-28,3,0
346,928,38,2022-10-22,2022-10-24,2022-11-05,3,0
347,253,69,2024-12-31,2025-01-07,2025-01-28,3,1
348,149,20,2025-02-26,2025-04-01,2025-03-26,3,1
349,1062,77,2021-10-30,2021-11-13,2021-11-13,2,0
350,651,12,2022-09-04,2022-09-15,2022-09-18,1,0
351,748,74,2023-02-21,2023-02-26,2023-03-07,1,0
352,607,35,2021-04-01,2021-04-16,2021-04-15,1,0
353,484,85,2022-06-26,,2022-07-10,3,0
354,935,54,2023-09-12,2023-09-16,2023-10-24,1,2
355,416,41,2024-01-28,2024-03-19,2024-03-10,1,2
356,293,66,2021-06-30,2021-07-10,2021-07-28,1,1
357,879,88,2023-04-04,2023-05-03,2023-05-02,2,1
358,974,55,2024-06-10,2024-06-24,2024-06-24,3,0
359,404,15,2024-03-04,2024-03-05,2024-03-18,1,0
360,63,8,2025-06-07,2025-07-04,2025-07-19,1,2
361,285,78,2025-05-11,,2025-06-08,1,1
362,1027,10,2023-12-05,,2024-01-16,1,2
363,1004,32,2020-03-11,2020-04-18,2020-04-08,2,1
364,670,16,2025-03-05,2025-03-27,2025-03-19,2,0
365,697,49,2024-08-06,2024-09-07,2024-09-17,2,2
366,422,61,2022-09-03,,2022-10-15,1,2
367,248,53,2022-12-19,,2023-01-16,3,1
368,13,51,2019-12-05,2019-12-30,2020-01-02,3,1
369,721,90,2022-01-24,2022-02-01,2022-03-07,1,2
370,304,66,2019-10-02,2019-11-08,2019-10-30,1,1
371,1068,91,2022-12-07,,2023-01-04,3,1
372,218,21,2025-03-16,2025-04-18,2025-04-27,2,2
373,695,76,2025-03-04,2025-03-12,2025-04-01,1,1
374,510,44,2025-05-23,2025-06-09,2025-06-06,2,0
375,407,98,2025-06-11,2025-07-01,2025-06-25,3,0
376,399,26,2023-08-27,2023-08-28,2023-10-08,3,2
377,514,39,2025-06-14,2025-06-25,2025-06-28,1,0
378,218,23,2023-04-25,2023-05-24,2023-06-06,1,2
379,84,41,2023-07-27,2023-08-12,2023-08-10,2,0
380,721,67,2021-04-01,2021-04-04,2021-04-15,2,0
381,1074,64,2024-12-20,2025-01-15,2025-01-17,3,1
382,165,37,2023-06-06,2023-06-11,2023-07-04,3,1
383,1022,85,2022-07-13,2022-07-15,2022-08-10,2,1
384,518,1,2024-08-14,2024-08-25,2024-09-11,3,1
385,850,76,2025-01-18,2025-01-26,2025-02-15,3,1
386,245,7,2019-12-09,2019-12-22,2019-12-23,3,0
387,1022,39,2024-01-08,2024-02-07,2024-02-05,3,1
388,666,3,2025-02-12,2025-02-24,2025-02-26,1,0
389,1055,82,2025-07-23,2025-08-13,2025-08-06,2,0
390,985,42,2025-07-27,2025-08-30,2025-09-07,3,2
391,432,57,2024-11-23,2024-11-30,2024-12-21,2,1
392,628,6,2022-06-22,2022-06-30,2022-07-06,1,0
393,255,66,2021-11-18,,2021-12-02,3,0
394,556,14,2023-10-14,2023-11-12,2023-11-25,2,2
395,517,89,2025-05-19,,2025-06-02,3,0
396,986,46,2024-06-29,,2024-08-10,3,2
397,391,93,2024-11-14,2024-12-20,2024-12-26,2,2
398,896,6,2022-11-18,2022-11-21,2022-12-02,3,0
399,1059,28,2023-03-28,2023-04-11,2023-05-09,2,2
400,343,73,2024-09-10,2024-10-02,2024-10-22,1,2
401,248,45,2023-09-10,2023-10-15,2023-10-08,3,1
402,576,34,2024-05-20,,2024-07-01,3,2
403,442,9,2024-02-06,2024-02-29,2024-03-05,1,1
404,1065,50,2022-08-06,,2022-09-17,3,2
405,490,20,2024-09-12,,2024-10-10,3,1
406,857,34,2025-04-05,,2025-04-19,2,0
407,190,36,2024-07-23,,2024-08-20,2,1
408,297,45,2024-01-18,2024-01-23,2024-02-01,1,0
409,526,54,2023-10-02,,2023-10-16,1,0
410,1010,90,2020-06-24,2020-07-19,2020-08-05,3,2
411,402,25,2023-05-08,,2023-06-05,1,1
412,752,48,2025-01-14,2025-01-18,2025-02-25,1,2
413,958,12,2023-05-30,2023-06-20,2023-07-11,2,2
414,288,48,2025-01-17,2025-01-29,2025-01-31,2,0
415,565,12,2024-06-30,2024-07-02,2024-07-14,2,0
416,54,96,2022-02-26,2022-03-05,2022-04-09,3,2
417,92,59,2025-09-07,,2025-10-05,1,1
418,299,20,2025-07-02,2025-07-15,2025-07-16,1,0
419,855,84,2025-03-24,,2025-05-05,1,2
420,864,74,2023-08-16,,2023-09-27,3,2
421,81,33,2023-12-16,2024-01-14,2024-01-13,3,1
422,1028,31,2019-06-19,2019-06-22,2019-07-03,1,0
423,905,80,2025-09-21,,2025-10-19,2,1
424,458,73,2024-11-13,2024-12-02,2024-12-11,1,1
425,241,67,2021-05-18,2021-05-21,2021-06-29,1,2
426,720,59,2025-02-12,,2025-03-12,2,1
427,910,33,2022-09-08,2022-10-08,2022-10-20,3,2
428,150,18,2023-02-19,2023-02-28,2023-03-05,2,0
429,396,85,2022-12-04,2022-12-31,2023-01-15,1,2
430,50,80,2025-09-17,,2025-10-01,3,0
431,866,17,2024-09-23,2024-10-16,2024-10-07,2,0
432,1068,66,2020-02-19,,2020-03-04,3,0
433,108,31,2020-09-16,2020-09-23,2020-09-30,1,0
434,760,13,2023-09-24,2023-10-14,2023-10-22,1,1
435,893,30,2023-11-12,2023-11-25,2023-12-24,2,2
436,745,75,2022-01-01,2022-01-08,2022-01-15,2,0
437,869,94,2024-12-05,2025-01-22,2025-01-16,2,2
438,112,27,2020-02-23,2020-03-14,2020-03-22,3,1
439,888,56,2024-07-01,2024-07-18,2024-07-15,3,0
440,990,66,2022-04-30,2022-05-13,2022-06-11,2,2
441,23,23,2024-07-18,2024-08-16,2024-08-29,1,2
442,39,73,2021-12-23,2022-01-16,2022-01-20,3,1
443,53,68,2024-04-16,2024-04-17,2024-05-14,3,1
444,386,92,2024-11-30,2024-12-16,2024-12-14,2,0
445,1012,13,2023-06-20,2023-07-10,2023-07-04,2,0
446,1034,46,2024-02-27,2024-03-18,2024-03-12,1,0
447,840,93,2024-10-15,2024-10-25,2024-11-12,3,1
448,955,88,2023-10-22,2023-11-05,2023-12-03,2,2
449,215,64,2024-11-27,2024-12-13,2024-12-25,2,1
450,910,66,2020-03-13,,2020-04-24,1,2
451,29,84,2024-07-30,,2024-09-10,3,2
452,306,64,2025-06-09,2025-06-27,2025-07-07,1,1
453,332,97,2021-03-13,,2021-04-10,1,1
454,622,85,2022-06-03,2022-06-23,2022-06-17,3,0
455,626,88,2023-10-13,2023-10-20,2023-10-27,3,0
456,556,8,2025-02-01,2025-02-17,2025-02-15,3,0
457,109,77,2022-12-17,,2022-12-31,2,0
458,732,14,2023-07-13,2023-07-27,2023-07-27,1,0
459,1058,79,2024-04-18,2024-05-21,2024-05-30,2,2
460,325,21,2023-12-24,2024-01-17,2024-01-07,3,0
461,128,89,2025-04-05,2025-04-12,2025-04-19,2,0
462,114,17,2024-12-06,2024-12-16,2024-12-20,1,0
463,399,54,2023-12-05,2023-12-16,2023-12-19,2,0
464,962,28,2020-06-14,2020-06-18,2020-06-28,1,0
465,1072,48,2024-12-12,2025-01-09,2025-01-23,3,2
466,180,51,2020-08-06,2020-09-04,2020-09-17,1,2
467,1072,61,2021-08-12,2021-08-23,2021-08-26,1,0
468,925,42,2024-04-25,2024-05-02,2024-05-09,2,0
469,399,1,2024-05-02,2024-05-08,2024-05-30,2,1
470,969,99,2020-11-04,2020-12-04,2020-12-16,2,2
471,173,85,2022-11-13,2022-11-17,2022-11-27,3,0
472,724,34,2024-07-28,2024-08-01,2024-08-25,1,1
473,1009,1,2024-11-17,2024-11-30,2024-12-01,3,0
474,312,70,2022-07-20,2022-07-25,2022-08-03,2,0
475,857,5,2021-11-22,2021-12-06,2022-01-03,1,2
476,672,63,2021-06-11,,2021-07-09,1,1
477,888,92,2024-10-30,2024-10-31,2024-11-13,2,0
478,682,25,2023-04-30,2023-05-20,2023-05-28,1,1
479,733,81,2023-12-31,2024-01-21,2024-02-11,2,2
480,586,72,2023-10-09,2023-10-28,2023-10-23,2,0
481,642,93,2025-04-11,2025-04-18,2025-04-25,1,0
482,666,32,2021-07-09,2021-07-11,2021-08-20,3,2
483,647,40,2022-02-06,2022-03-10,2022-03-20,2,2
484,981,22,2021-05-20,2021-05-23,2021-07-01,3,2
485,905,39,2024-01-04,2024-01-24,2024-02-01,3,1
486,17,11,2021-08-18,2021-08-31,2021-09-01,1,0
487,740,45,2023-07-18,2023-08-18,2023-08-15,2,1
488,1031,46,2024-09-13,,2024-10-11,2,1
489,1024,31,2021-02-15,2021-03-10,2021-03-01,2,0
490,436,95,2023-02-10,,2023-02-24,2,0
491,96,91,2022-10-01,,2022-10-15,3,0
492,361,33,2023-06-03,2023-07-03,2023-07-01,2,1
493,434,32,2019-09-07,2019-09-24,2019-10-05,2,1
494,19,45,2023-12-27,2024-01-05,2024-01-24,3,1
495,452,47,2024-07-15,2024-07-24,2024-08-26,3,2
496,934,10,2023-07-23,2023-08-30,2023-08-20,3,1
497,665,57,2025-07-02,2025-07-23,2025-07-16,3,0
498,209,12,2024-10-01,2024-10-12,2024-10-29,3,1
499,539,94,2025-04-16,2025-05-26,2025-05-28,2,2
500,853,48,2024-11-21,2025-01-04,2025-01-02,2,2
501,1073,27,2019-12-02,2020-01-22,2020-01-13,1,2
502,49,33,2023-09-04,2023-10-04,2023-10-16,2,2
503,842,62,2024-03-24,2024-04-22,2024-04-21,1,1
504,10,2,2020-06-23,2020-07-08,2020-07-07,1,0
505,536,24,2024-05-02,2024-05-20,2024-05-16,1,0
506,486,25,2020-12-30,2021-01-07,2021-01-13,2,0
507,751,38,2023-01-02,2023-02-04,2023-02-13,3,2
508,49,75,2022-08-19,2022-09-15,2022-09-16,1,1
509,914,48,2024-11-27,2024-12-19,2025-01-08,1,2
510,207,76,2025-02-23,2025-03-31,2025-03-23,2,1
511,715,56,2023-11-27,2023-11-29,2023-12-11,1,0
512,984,54,2024-02-01,2024-02-09,2024-03-14,1,2
513,439,44,2025-09-11,,2025-10-09,1,1
514,1006,88,2023-09-23,2023-10-03,2023-10-21,1,1
515,580,33,2023-02-09,2023-02-21,2023-02-23,2,0
516,290,30,2023-12-31,2024-01-17,2024-01-28,2,1
517,147,49,2024-01-04,2024-01-12,2024-01-18,1,0
518,235,68,2024-08-16,2024-08-29,2024-09-27,2,2
519,976,93,2025-04-14,2025-04-18,2025-04-28,2,0
520,73,92,2024-11-05,2024-11-22,2024-12-03,3,1
521,558,35,2021-05-21,2021-06-23,2021-06-18,2,1
522,123,17,2024-09-29,,2024-11-10,3,2
523,931,55,2022-02-17,2022-02-25,2022-03-03,3,0
524,1065,48,2024-06-25,2024-07-10,2024-07-23,2,1
525,383,24,2024-03-24,2024-04-17,2024-04-07,1,0
526,902,7,2020-09-21,2020-11-11,2020-11-02,1,2
527,1058,52,2024-03-05,2024-03-10,2024-03-19,1,0
528,174,42,2022-06-30,2022-07-12,2022-07-14,3,0
529,883,11,2022-01-15,2022-02-05,2022-01-29,3,0
530,916,5,2023-08-31,2023-10-18,2023-10-12,2,2
531,517,39,2023-11-09,2023-11-11,2023-11-23,3,0
532,843,91,2022-11-21,,2022-12-05,1,0
533,846,12,2022-06-29,,2022-08-10,1,2
534,51,60,2021-05-02,,2021-05-16,2,0
535,669,97,2021-07-12,2021-08-05,2021-08-09,1,1
536,1027,73,2021-02-25,2021-03-07,2021-03-25,3,1
537,728,61,2021-10-08,2021-10-11,2021-10-22,1,0
538,891,83,2025-06-23,,2025-07-21,1,1
539,429,19,2020-06-26,2020-06-29,2020-07-10,2,0
540,53,78,2024-07-27,2024-08-23,2024-09-07,1,2
541,973,86,2023-06-21,2023-06-29,2023-07-05,1,0
542,535,32,2021-07-26,2021-09-11,2021-09-06,1,2
543,717,20,2024-10-02,2024-10-22,2024-10-30,2,1
544,873,42,2023-06-20,2023-06-27,2023-07-04,3,0
545,317,2,2020-05-26,,2020-06-09,2,0
546,940,65,2021-11-16,,2021-11-30,1,0
547,952,16,2024-12-24,2025-01-13,2025-02-04,1,2
548,939,41,2022-12-21,,2023-01-04,3,0
549,89,27,2022-05-10,,2022-05-24,2,0
550,731,55,2023-05-05,2023-05-08,2023-06-16,3,2
551,612,16,2024-11-08,2024-12-18,2024-12-20,1,2
552,186,41,2024-04-11,2024-05-09,2024-05-09,2,1
553,854,76,2025-09-18,,2025-10-30,3,2
554,8,36,2024-11-19,2024-12-20,2024-12-31,3,2
555,323,31,2021-07-30,,2021-08-13,1,0
556,1031,29,2022-09-01,2022-09-07,2022-09-15,3,0
557,278,14,2025-01-02,2025-01-10,2025-01-30,3,1
558,916,78,2024-02-24,2024-03-02,2024-03-09,2,0
559,653,88,2023-02-15,2023-03-08,2023-03-15,1,1
560,101,35,2022-03-25,2022-04-17,2022-04-08,1,0
561,299,33,2022-07-12,2022-08-04,2022-07-26,3,0
562,737,5,2023-09-06,2023-10-04,2023-10-18,3,2
563,671,52,2023-08-18,2023-09-09,2023-09-29,2,2
564,109,90,2023-11-07,2023-11-18,2023-11-21,1,0
565,506,34,2024-12-16,2025-01-02,2025-01-13,3,1
566,1030,37,2022-05-18,2022-05-23,2022-06-15,2,1
567,750,14,2025-08-14,,2025-09-25,3,2
568,853,70,2022-01-14,2022-01-20,2022-01-28,3,0
569,169,68,2024-12-14,,2025-01-11,2,1
570,227,99,2019-12-11,2020-01-16,2020-01-08,1,1
571,867,51,2024-08-17,2024-08-26,2024-09-14,2,1
572,438,68,2025-01-21,,2025-02-18,2,1
573,297,71,2023-10-18,2023-10-20,2023-11-15,2,1
574,641,8,2025-04-26,2025-05-12,2025-05-10,3,0
575,342,62,2023-02-18,2023-03-01,2023-03-04,1,0
576,926,38,2022-08-03,2022-09-01,2022-09-14,1,2
577,977,73,2022-02-01,2022-02-23,2022-02-15,1,0
578,865,26,2023-05-15,,2023-06-12,1,1
579,170,61,2021-10-13,2021-10-27,2021-11-10,2,1
580,890,24,2024-03-31,2024-05-08,2024-04-28,1,1
581,79,89,2025-08-15,2025-08-29,2025-09-12,2,1
582,376,72,2022-03-19,2022-03-31,2022-04-16,2,1
583,557,83,2025-03-26,2025-04-19,2025-04-09,1,0
584,934,68,2024-08-01,2024-08-27,2024-08-29,3,1
585,914,70,2021-07-30,2021-08-16,2021-08-27,2,1
586,332,20,2025-08-11,2025-09-03,2025-08-25,2,0
587,294,70,2022-04-21,2022-05-11,2022-05-05,2,0
588,968,97,2021-06-18,2021-07-01,2021-07-16,1,1
589,328,32,2020-11-02,,2020-11-16,3,0
590,971,44,2025-05-15,2025-05-26,2025-05-29,2,0
591,676,64,2025-05-02,2025-05-05,2025-05-30,1,1
592,1011,24,2024-03-18,2024-03-25,2024-04-01,2,0
593,570,89,2025-03-30,,2025-04-13,2,0
594,928,86,2020-09-25,,2020-10-23,3,1
595,297,45,2023-09-06,2023-10-10,2023-10-18,3,2
596,952,40,2021-10-10,2021-11-14,2021-11-07,1,1
597,40,82,2022-08-10,2022-08-11,2022-08-24,3,0
598,469,99,2022-01-19,2022-01-27,2022-02-02,1,0
599,906,58,2025-09-18,2025-09-20,2025-10-02,2,0
600,896,23,2024-03-11,2024-03-21,2024-03-25,3,0
601,317,34,2025-01-07,,2025-01-21,2,0
602,936,48,2025-03-26,2025-04-13,2025-04-23,1,1
603,497,28,2021-12-20,2022-01-19,2022-01-17,2,1
604,93,72,2021-06-19,2021-07-03,2021-07-03,1,0
605,980,71,2025-06-28,2025-07-11,2025-07-12,3,0
606,36,87,2020-11-04,,2020-12-16,1,2
607,445,17,2023-04-23,2023-05-14,2023-05-21,3,1
608,906,90,2021-01-22,2021-03-01,2021-03-05,3,2
609,983,40,2021-12-22,,2022-01-19,3,1
610,29,96,2022-07-12,2022-08-02,2022-08-23,3,2
611,329,12,2022-05-23,,2022-07-04,1,2
612,568,63,2020-12-18,2021-01-04,2021-01-01,1,0
613,654,32,2020-06-07,2020-06-09,2020-07-05,3,1
614,877,62,2021-03-08,2021-03-12,2021-03-22,2,0
615,887,36,2025-03-28,,2025-05-09,1,2
616,450,88,2023-12-26,2024-01-20,2024-01-23,1,1
617,738,35,2020-08-19,2020-08-31,2020-09-30,2,2
618,113,17,2025-01-24,,2025-03-07,2,2
619,1027,58,2025-09-17,,2025-10-01,3,0
620,359,71,2022-08-14,2022-08-18,2022-08-28,2,0
621,47,83,2025-03-28,,2025-05-09,1,2
622,994,46,2023-10-02,,2023-10-16,1,0
623,688,95,2022-01-02,,2022-01-16,1,0
624,986,2,2020-07-29,2020-09-15,2020-09-09,1,2
625,268,51,2021-08-04,,2021-08-18,2,0
626,558,37,2023-09-15,2023-10-06,2023-09-29,1,0
627,373,67,2019-10-05,2019-10-18,2019-10-19,1,0
628,963,86,2024-09-09,2024-10-15,2024-10-07,3,1
629,322,82,2023-10-29,2023-10-31,2023-12-10,3,2
630,901,62,2022-11-15,2022-12-28,2022-12-27,1,2
631,305,99,2020-03-12,2020-03-30,2020-03-26,1,0
632,234,29,2022-01-23,2022-01-29,2022-02-20,3,1
633,588,50,2022-08-31,2022-10-11,2022-10-12,3,2
634,628,62,2024-11-20,2024-12-10,2025-01-01,2,2
635,848,87,2020-12-16,2021-01-03,2021-01-13,3,1
636,620,68,2024-01-22,,2024-02-19,3,1
637,102,17,2023-09-20,2023-10-04,2023-10-04,2,0
638,287,74,2023-01-09,2023-01-20,2023-01-23,3,0
639,1006,29,2022-09-07,2022-09-30,2022-10-05,1,1
640,909,60,2021-08-08,2021-09-29,2021-09-19,1,2
641,868,1,2025-01-19,2025-02-01,2025-03-02,2,2
642,46,38,2022-09-07,2022-10-03,2022-10-19,1,2
643,941,82,2020-04-21,2020-05-14,2020-05-05,3,0
644,179,28,2023-11-21,2023-11-25,2023-12-05,2,0
645,149,55,2023-03-28,2023-04-26,2023-04-25,3,1
646,358,45,2023-07-09,2023-07-10,2023-08-06,3,1
647,471,10,2023-01-03,2023-02-13,2023-02-14,2,2
648,361,49,2024-11-20,2024-12-18,2024-12-18,2,1
649,1029,11,2021-04-17,2021-05-29,2021-05-29,3,2
650,534,86,2023-05-30,2023-06-01,2023-06-13,2,0
651,436,99,2019-05-23,2019-05-30,2019-06-06,1,0
652,104,44,2024-11-06,,2024-12-04,2,1
653,345,1,2024-04-24,2024-05-06,2024-06-05,1,2
654,39,19,2023-09-29,2023-11-06,2023-10-27,1,1
655,250,92,2024-12-27,2025-01-03,2025-02-07,3,2
656,505,45,2023-10-23,2023-10-31,2023-11-20,2,1
657,651,90,2020-08-22,2020-09-01,2020-09-19,1,1
658,245,81,2023-10-19,,2023-11-16,3,1
659,588,72,2023-05-07,,2023-06-04,3,1
660,227,93,2025-09-03,,2025-10-15,1,2
661,879,73,2023-04-22,,2023-05-20,2,1
662,8,74,2025-02-11,,2025-03-11,3,1
663,1056,50,2020-05-05,2020-05-23,2020-06-16,2,2
664,239,66,2022-12-11,2023-01-06,2023-01-08,1,1
665,1001,92,2024-11-03,,2024-12-01,1,1
666,1048,78,2025-07-01,2025-07-21,2025-08-12,2,2
667,240,17,2025-09-03,2025-09-22,2025-10-01,2,1
668,59,34,2024-02-18,2024-03-12,2024-03-31,1,2
669,1013,31,2021-04-08,2021-04-19,2021-04-22,2,0
670,751,43,2024-09-01,2024-09-24,2024-09-29,1,1
671,857,60,2021-08-26,,2021-09-23,3,1
672,76,76,2025-07-15,2025-08-11,2025-08-12,3,1
673,1061,24,2025-03-05,,2025-04-16,3,2
674,184,39,2025-02-10,2025-02-23,2025-03-24,1,2
675,888,15,2022-11-21,2022-12-19,2022-12-19,2,1
676,468,6,2024-05-07,,2024-06-04,2,1
677,1015,8,2025-09-05,,2025-10-17,3,2
678,586,57,2025-05-17,2025-06-05,2025-05-31,1,0
679,533,19,2023-06-02,2023-06-22,2023-06-16,2,0
680,878,5,2022-09-19,2022-10-02,2022-10-03,1,0
681,241,14,2023-10-08,2023-10-24,2023-10-22,3,0
682,1043,91,2022-11-12,2022-12-15,2022-12-10,3,1
683,267,95,2022-05-19,,2022-06-02,3,0
684,578,70,2022-07-07,2022-07-14,2022-08-04,1,1
685,886,63,2020-12-07,2020-12-31,2021-01-18,3,2
686,930,96,2019-12-04,2019-12-10,2019-12-18,1,0
687,354,96,2023-08-30,2023-09-09,2023-09-13,2,0
688,464,49,2024-11-11,2024-11-20,2024-12-09,1,1
689,212,34,2024-09-20,,2024-10-18,3,1
690,467,2,2020-07-14,2020-08-03,2020-07-28,2,0
691,63,3,2024-12-04,2025-01-16,2025-01-15,1,2
692,693,66,2020-08-04,2020-08-24,2020-09-15,1,2
693,876,66,2023-05-03,2023-05-06,2023-06-14,3,2
694,1037,68,2025-03-11,2025-04-08,2025-04-08,3,1
695,663,95,2023-03-27,2023-04-03,2023-05-08,1,2
696,933,87,2020-01-13,2020-01-20,2020-01-27,3,0
697,447,35,2022-05-29,2022-06-16,2022-07-10,3,2
698,923,55,2023-04-16,2023-05-01,2023-04-30,1,0
699,355,13,2024-10-02,2024-10-05,2024-10-16,2,0
700,710,93,2025-05-12,2025-06-28,2025-06-23,3,2
701,957,80,2025-09-15,,2025-10-27,1,2
702,540,76,2025-05-14,2025-05-23,2025-05-28,3,0
703,535,25,2024-10-15,2024-10-19,2024-11-12,1,1
704,1040,16,2025-03-11,2025-03-19,2025-03-25,1,0
705,724,27,2022-03-29,2022-04-20,2022-04-12,2,0
706,892,98,2025-09-12,,2025-10-24,2,2
707,43,66,2022-02-13,2022-02-24,2022-02-27,2,0
708,156,6,2022-10-30,2022-11-02,2022-12-11,1,2
709,464,45,2023-11-27,,2023-12-25,3,1
710,706,43,2023-06-30,2023-08-20,2023-08-11,2,2
711,734,22,2019-10-01,2019-10-10,2019-10-15,3,0
712,243,86,2020-06-14,2020-07-20,2020-07-12,2,1
713,985,21,2025-09-15,,2025-10-13,1,1
714,863,67,2020-01-29,2020-02-06,2020-02-26,2,1
715,659,30,2023-12-24,2024-01-18,2024-01-21,1,1
716,519,21,2024-02-13,,2024-03-26,2,2
717,639,38,2023-01-07,2023-01-24,2023-01-21,1,0
718,577,38,2022-05-02,2022-05-09,2022-05-16,3,0
719,704,38,2022-07-29,2022-09-04,2022-09-09,1,2
720,985,65,2021-11-29,2021-12-06,2021-12-13,3,0
721,1069,28,2021-06-10,2021-07-02,2021-07-08,1,1
722,594,54,2023-11-26,2023-12-30,2023-12-24,1,1
723,978,43,2024-04-09,2024-05-30,2024-05-21,1,2
724,719,87,2022-03-10,2022-03-24,2022-04-21,2,2
725,631,64,2024-10-05,2024-11-17,2024-11-16,1,2
726,431,83,2025-05-27,2025-06-08,2025-06-10,1,0
727,96,54,2023-10-27,,2023-11-10,1,0
728,874,22,2021-05-08,2021-06-24,2021-06-19,3,2
729,998,16,2024-12-21,,2025-01-18,2,1
730,631,13,2023-08-12,2023-08-17,2023-09-23,2,2
731,470,10,2023-11-21,2023-11-28,2024-01-02,3,2
732,528,24,2024-08-13,2024-09-05,2024-09-10,2,1
733,871,7,2020-04-04,,2020-05-16,2,2
734,50,8,2025-01-08,,2025-01-22,1,0
735,876,42,2024-10-08,,2024-11-19,3,2
736,1051,83,2025-09-13,,2025-10-25,1,2
737,235,14,2024-11-15,2024-12-03,2024-11-29,3,0
738,922,26,2024-09-04,2024-09-18,2024-09-18,2,0
739,984,18,2025-04-11,2025-05-03,2025-04-25,3,0
740,399,79,2024-03-18,,2024-04-01,2,0
741,489,50,2022-05-14,2022-05-30,2022-06-25,3,2
742,638,95,2023-01-23,2023-02-25,2023-03-06,1,2
743,952,45,2023-09-07,2023-09-22,2023-10-19,2,2
744,705,54,2023-10-25,2023-12-02,2023-11-22,1,1
745,1062,23,2024-11-01,2024-11-14,2024-12-13,3,2
746,944,35,2020-01-24,2020-01-31,2020-02-07,2,0
747,930,53,2022-12-13,2022-12-24,2022-12-27,1,0
748,850,21,2024-10-26,,2024-11-09,3,0
749,1004,26,2024-01-27,2024-02-15,2024-02-10,1,0
750,570,91,2023-05-19,2023-05-23,2023-06-02,2,0
751,520,80,2025-08-17,2025-08-25,2025-08-31,1,0
752,541,16,2025-03-30,2025-04-21,2025-04-13,1,0
753,423,26,2024-09-01,2024-10-14,2024-10-13,3,2
754,995,60,2022-03-09,2022-03-16,2022-04-20,2,2
755,640,100,2024-05-08,2024-05-27,2024-06-05,1,1
756,483,80,2025-09-17,,2025-10-29,3,2
757,661,50,2023-01-27,2023-01-30,2023-02-24,1,1
758,849,51,2025-08-07,,2025-09-04,3,1
759,165,92,2024-09-17,2024-09-30,2024-10-01,1,0
760,402,57,2025-01-07,2025-02-28,2025-02-18,2,2
761,274,47,2022-06-30,2022-07-09,2022-07-28,3,1
762,157,84,2021-11-28,2021-12-09,2021-12-26,3,1
763,303,99,2021-09-05,2021-09-27,2021-10-03,3,1
764,200,30,2023-12-02,2024-01-06,2024-01-13,2,2
765,760,99,2021-05-23,2021-06-16,2021-06-20,2,1
766,262,32,2020-01-27,2020-03-09,2020-03-09,2,2
767,235,45,2023-08-05,,2023-09-16,1,2
768,621,16,2024-12-01,2024-12-15,2024-12-29,1,1
769,393,13,2025-03-08,2025-03-22,2025-04-19,3,2
770,509,26,2023-11-13,2023-11-27,2023-12-11,2,1
771,1031,64,2025-05-30,2025-06-30,2025-07-11,3,2
772,326,17,2022-09-14,2022-09-30,2022-10-26,2,2
773,445,11,2022-01-07,,2022-02-04,3,1
774,596,58,2025-09-10,,2025-10-08,3,1
775,748,84,2021-01-05,2021-02-10,2021-02-16,1,2
776,603,85,2023-09-13,2023-09-28,2023-10-11,2,1
777,47,48,2025-06-09,2025-06-14,2025-06-23,3,0
778,141,76,2024-11-25,2024-11-27,2024-12-09,2,0
779,665,44,2025-05-25,2025-06-12,2025-06-22,2,1
780,353,26,2023-04-29,2023-06-03,2023-05-27,2,1
781,879,70,2022-08-14,2022-10-03,2022-09-25,3,2
782,315,36,2023-12-03,2023-12-13,2023-12-17,2,0
783,482,71,2021-09-17,2021-10-24,2021-10-29,1,2
784,882,17,2022-10-06,2022-10-08,2022-10-20,3,0
785,1033,96,2024-06-28,2024-07-22,2024-07-26,2,1
786,224,25,2025-05-30,2025-06-23,2025-07-11,1,2
787,414,23,2024-10-05,2024-10-22,2024-11-16,3,2
788,971,37,2022-08-29,2022-10-11,2022-10-10,2,2
789,1045,81,2023-06-01,,2023-06-15,1,0
790,1005,39,2024-07-24,2024-08-26,2024-09-04,2,2
791,215,19,2021-03-02,2021-03-24,2021-03-16,2,0
792,137,39,2023-04-15,2023-05-03,2023-04-29,1,0
793,371,19,2019-04-08,2019-04-18,2019-04-22,2,0
794,1013,45,2023-09-03,2023-09-15,2023-09-17,3,0
795,862,69,2023-07-27,2023-09-17,2023-09-07,1,2
796,658,78,2024-05-21,2024-06-02,2024-06-18,2,1
797,360,98,2023-04-22,2023-04-28,2023-05-06,1,0
798,988,90,2022-05-30,,2022-06-27,3,1
799,494,51,2021-02-04,2021-03-10,2021-03-04,1,1
800,502,100,2025-05-22,2025-05-24,2025-06-05,2,0
801,53,1,2024-09-02,2024-09-05,2024-09-16,3,0
802,10,86,2021-03-06,2021-03-28,2021-03-20,3,0
803,912,60,2021-06-17,,2021-07-29,2,2
804,554,32,2019-12-14,2020-01-21,2020-01-11,1,1
805,443,19,2021-07-01,2021-07-17,2021-07-29,3,1
806,642,18,2023-06-29,,2023-07-13,2,0
807,440,77,2023-11-29,,2024-01-10,3,2
808,720,44,2025-01-10,2025-01-17,2025-01-24,3,0
809,551,100,2024-10-07,2024-11-01,2024-11-18,1,2
810,749,43,2022-08-27,2022-09-02,2022-09-10,2,0
811,480,34,2025-07-22,2025-09-02,2025-09-02,3,2
812,323,67,2019-09-06,,2019-10-18,1,2
813,940,92,2024-11-20,2024-12-13,2024-12-18,2,1
814,55,39,2022-08-26,2022-09-14,2022-09-23,3,1
815,888,93,2025-09-20,,2025-10-18,1,1
816,453,56,2024-07-10,,2024-07-24,2,0
817,220,26,2025-01-19,2025-02-03,2025-02-16,2,1
818,674,77,2021-12-27,2021-12-29,2022-01-10,3,0
819,280,85,2023-12-01,2023-12-18,2023-12-15,1,0
820,368,66,2019-06-06,2019-06-13,2019-06-20,2,0
821,56,44,2025-01-19,2025-02-05,2025-03-02,1,2
822,532,32,2021-05-21,2021-05-28,2021-06-04,2,0
823,630,76,2025-06-27,,2025-08-08,3,2
824,197,1,2025-06-10,2025-06-28,2025-07-22,2,2
825,632,2,2020-07-07,2020-07-15,2020-08-18,3,2
826,721,76,2025-01-31,2025-03-01,2025-02-28,2,1
827,597,20,2025-05-21,2025-07-12,2025-07-02,2,2
828,611,91,2022-07-19,2022-07-27,2022-08-16,2,1
829,287,81,2024-08-26,2024-09-16,2024-09-09,1,0
830,275,83,2025-07-13,2025-08-21,2025-08-24,1,2
831,864,43,2022-03-02,2022-04-15,2022-04-13,2,2
832,399,12,2021-10-02,2021-10-06,2021-10-16,1,0
833,482,12,2022-01-02,2022-01-22,2022-01-30,1,1
834,865,98,2023-11-11,2023-12-11,2023-12-09,3,1
835,516,34,2024-04-05,2024-04-06,2024-04-19,2,0
836,72,58,2025-09-16,2025-09-21,2025-09-30,1,0
837,600,27,2020-10-20,2020-11-06,2020-12-01,2,2
838,986,56,2024-03-28,2024-05-13,2024-05-09,3,2
839,412,37,2022-05-09,2022-05-20,2022-05-23,1,0
840,903,2,2020-01-01,2020-01-18,2020-01-29,3,1
841,80,62,2022-12-16,,2023-01-13,1,1
842,568,55,2024-01-22,,2024-02-05,2,0
843,655,46,2024-09-15,2024-10-13,2024-10-13,1,1
844,1004,87,2021-09-02,2021-09-18,2021-09-30,3,1
845,538,37,2024-08-01,2024-08-10,2024-08-15,2,0
846,194,83,2025-09-08,,2025-10-20,1,2
847,592,9,2024-03-04,2024-04-10,2024-04-15,2,2
848,478,73,2021-08-09,2021-09-05,2021-09-06,2,1
849,862,55,2024-03-19,,2024-04-30,2,2
850,958,20,2025-04-21,,2025-05-05,1,0
851,225,71,2022-12-24,2023-01-11,2023-02-04,2,2
852,560,68,2024-09-24,2024-10-31,2024-11-05,3,2
853,149,90,2020-10-25,2020-11-10,2020-11-08,2,0
854,315,30,2024-01-04,2024-01-07,2024-02-01,2,1
855,591,20,2025-02-01,2025-03-17,2025-03-15,1,2
856,545,69,2025-03-21,2025-03-26,2025-04-04,2,0
857,892,40,2021-10-30,2021-11-05,2021-11-27,2,1
858,99,73,2024-11-17,2024-12-10,2024-12-01,3,0
859,719,86,2025-05-22,2025-07-03,2025-07-03,2,2
860,496,14,2024-09-04,2024-09-29,2024-10-16,3,2
861,1020,100,2024-07-18,2024-07-21,2024-08-29,3,2
862,684,99,2019-08-07,,2019-09-04,3,1
863,293,56,2024-05-18,2024-06-19,2024-06-15,1,1
864,240,15,2024-03-18,2024-03-20,2024-04-29,3,2
865,884,49,2024-07-31,,2024-09-11,1,2
866,406,3,2025-01-06,2025-01-20,2025-01-20,3,0
867,862,43,2022-05-15,2022-05-22,2022-05-29,2,0
868,852,16,2024-12-07,,2025-01-04,1,1
869,84,32,2019-09-09,,2019-10-07,1,1
870,372,49,2025-02-09,2025-02-22,2025-03-09,1,1
871,920,31,2020-12-10,2020-12-25,2021-01-07,3,1
872,257,65,2022-08-09,2022-08-10,2022-09-06,3,1
873,850,39,2023-02-15,2023-03-16,2023-03-29,1,2
874,668,83,2025-09-22,,2025-11-03,3,2
875,58,51,2023-07-20,2023-08-20,2023-08-17,1,1
876,894,69,2025-01-23,2025-01-31,2025-03-06,1,2
877,649,39,2025-09-15,2025-09-19,2025-10-27,3,2
878,557,34,2024-02-12,,2024-03-25,1,2
879,125,73,2025-09-03,,2025-10-01,1,1
880,507,50,2022-07-25,2022-08-23,2022-08-22,2,1
881,938,26,2025-06-11,2025-07-13,2025-07-09,3,1
882,850,93,2025-06-09,2025-06-20,2025-06-23,3,0
883,998,19,2022-03-05,2022-04-23,2022-04-16,2,2
884,183,52,2024-03-30,2024-04-05,2024-04-27,2,1
885,386,96,2022-06-05,2022-07-04,2022-07-03,1,1
886,660,51,2021-10-16,2021-11-04,2021-11-27,3,2
887,31,20,2025-08-20,2025-09-08,2025-09-03,3,0
888,530,70,2022-01-18,2022-01-27,2022-02-01,2,0
889,601,37,2023-03-22,2023-05-07,2023-05-03,1,2
890,84,17,2023-07-21,2023-09-02,2023-09-01,2,2
891,655,52,2023-05-20,,2023-06-03,2,0
892,200,61,2022-06-05,2022-06-15,2022-06-19,3,0
893,694,8,2025-06-08,,2025-06-22,2,0
894,194,81,2023-08-29,,2023-09-12,2,0
895,76,51,2023-10-30,2023-11-07,2023-11-13,1,0
896,984,80,2025-08-15,,2025-08-29,1,0
897,754,14,2025-04-10,2025-05-18,2025-05-22,2,2
898,397,60,2021-08-30,,2021-09-13,3,0
899,754,36,2024-03-13,2024-05-01,2024-04-24,3,2
900,893,49,2025-02-10,2025-02-16,2025-03-24,3,2
901,126,9,2023-08-27,2023-08-31,2023-10-08,1,2
902,77,53,2022-06-13,,2022-07-11,2,1
903,724,44,2025-05-29,2025-06-23,2025-06-26,2,1
904,748,85,2022-08-17,2022-09-28,2022-09-28,2,2
905,448,16,2025-04-07,2025-04-08,2025-04-21,3,0
906,99,49,2024-10-30,2024-11-18,2024-11-27,2,1
907,134,49,2023-09-22,2023-11-05,2023-11-03,3,2
908,923,30,2023-12-30,2024-01-06,2024-01-13,3,0
909,302,7,2019-07-05,,2019-08-02,3,1
910,670,84,2025-04-28,2025-05-16,2025-05-12,2,0
911,99,88,2023-04-03,2023-04-16,2023-04-17,1,0
912,1070,55,2023-08-29,2023-09-20,2023-09-12,1,0
913,460,43,2023-09-21,2023-10-29,2023-10-19,3,1
914,414,77,2022-10-22,2022-11-09,2022-12-03,1,2
915,412,100,2025-06-27,2025-06-30,2025-07-25,2,1
916,753,27,2023-10-19,2023-11-22,2023-11-30,2,2
917,487,37,2021-11-29,2021-12-17,2021-12-27,1,1
918,313,70,2021-09-24,2021-11-04,2021-11-05,2,2
919,285,72,2022-02-01,2022-02-12,2022-03-15,2,2
920,901,57,2024-10-13,2024-10-24,2024-10-27,2,0
921,207,35,2021-07-13,2021-08-30,2021-08-24,2,2
922,63,83,2025-07-13,2025-07-20,2025-07-27,3,0
923,1019,5,2023-02-25,,2023-03-25,3,1
924,927,31,2021-05-22,,2021-07-03,3,2
925,955,85,2022-04-14,2022-06-02,2022-05-26,1,2
926,542,10,2023-07-09,2023-07-24,2023-08-06,3,1
927,97,87,2019-10-20,,2019-11-17,1,1
928,744,54,2024-01-06,2024-02-05,2024-02-17,3,2
929,1017,2,2020-06-12,2020-06-25,2020-07-24,1,2
930,917,57,2025-03-20,2025-04-13,2025-05-01,3,2
931,991,39,2025-08-12,2025-08-30,2025-08-26,3,0
932,385,91,2022-11-20,,2023-01-01,1,2
933,114,51,2022-11-05,,2022-12-03,1,1
934,710,55,2024-10-03,2024-10-18,2024-10-31,3,1
935,680,100,2024-07-23,2024-08-29,2024-08-20,3,1
936,595,83,2025-06-26,2025-07-11,2025-07-24,3,1
937,590,86,2023-05-05,2023-05-21,2023-06-02,3,1
938,847,17,2025-07-06,2025-07-18,2025-07-20,3,0
939,1033,26,2025-07-15,2025-08-21,2025-08-26,3,2
940,65,53,2021-07-02,2021-08-22,2021-08-13,3,2
941,631,7,2020-03-03,2020-03-14,2020-03-17,1,0
942,567,55,2023-02-26,,2023-03-12,3,0
943,312,23,2023-12-19,,2024-01-02,3,0
944,671,59,2025-07-30,,2025-08-13,2,0
945,1019,58,2025-09-05,,2025-10-17,2,2
946,538,42,2023-11-10,2023-12-07,2023-12-22,1,2
947,539,40,2022-03-27,2022-04-25,2022-04-24,1,1
948,362,86,2022-01-01,2022-01-06,2022-01-29,3,1
949,885,85,2023-11-27,2023-12-16,2023-12-11,1,0
950,488,68,2025-02-10,2025-02-28,2025-02-24,2,0
951,714,38,2022-12-25,,2023-01-08,1,0
952,95,93,2025-09-14,,2025-10-12,1,1
953,942,29,2022-07-25,2022-08-06,2022-08-08,3,0
954,285,57,2024-12-19,2024-12-26,2025-01-02,2,0
955,169,99,2019-11-15,2019-11-22,2019-12-13,2,1
956,610,57,2025-02-10,2025-03-29,2025-03-24,1,2
957,164,20,2025-08-25,,2025-10-06,3,2
958,865,72,2023-04-27,2023-05-16,2023-05-11,3,0
959,689,63,2021-07-01,2021-07-18,2021-08-12,3,2
960,541,75,2022-11-22,,2022-12-06,1,0
961,856,84,2022-01-07,2022-02-10,2022-02-04,2,1
962,219,76,2025-07-19,2025-08-09,2025-08-02,2,0
963,336,31,2020-08-30,,2020-10-11,1,2
964,305,51,2022-06-07,2022-06-24,2022-07-05,3,1
965,938,88,2023-10-25,2023-11-09,2023-11-22,3,1
966,840,81,2023-04-19,,2023-05-31,2,2
967,383,41,2019-10-22,,2019-11-19,3,1
968,127,39,2023-12-27,2023-12-29,2024-01-10,3,0
969,481,43,2023-12-16,2023-12-23,2023-12-30,3,0
970,546,93,2025-08-24,,2025-10-05,1,2
971,299,48,2024-09-15,,2024-10-27,1,2
972,496,49,2023-12-12,,2023-12-26,3,0
973,756,11,2021-11-26,2021-12-15,2022-01-07,2,2
974,929,62,2021-04-08,,2021-04-22,2,0
975,537,34,2025-02-15,2025-03-11,2025-03-29,1,2
976,1022,51,2022-10-24,,2022-11-21,2,1
977,502,1,2024-04-29,2024-05-29,2024-05-27,1,1
978,962,59,2025-01-02,2025-02-01,2025-01-30,1,1
979,375,68,2024-03-25,,2024-04-08,3,0
980,1004,45,2023-05-31,2023-06-28,2023-07-12,3,2
981,1022,99,2019-08-02,,2019-09-13,1,2
982,848,84,2022-12-03,2022-12-16,2022-12-31,2,1
983,342,7,2019-06-13,2019-06-20,2019-07-11,1,1
984,348,7,2019-07-09,2019-07-29,2019-08-06,3,1
985,741,68,2024-03-16,2024-05-06,2024-04-27,1,2
986,112,61,2021-07-22,2021-07-29,2021-08-05,1,0
987,142,41,2019-11-09,2019-12-02,2019-12-21,3,2
988,453,40,2022-05-10,,2022-05-24,1,0
989,927,65,2023-01-27,2023-01-29,2023-02-24,2,1
990,859,98,2025-05-11,,2025-05-25,1,0
991,329,27,2023-09-12,,2023-10-10,3,1
992,754,32,2020-08-03,2020-08-21,2020-08-17,3,0
993,1064,10,2022-12-20,2022-12-27,2023-01-17,2,1
994,140,30,2023-12-31,2024-01-08,2024-01-28,2,1
995,714,13,2025-09-05,,2025-10-17,2,2
996,571,99,2021-01-06,2021-02-12,2021-02-17,1,2
997,548,31,2019-09-15,2019-09-17,2019-10-27,2,2
998,695,2,2021-04-15,2021-04-20,2021-04-29,1,0
999,899,28,2022-12-06,2023-01-12,2023-01-03,2,1
